date,actual,predicted,error
2011-08-27,0.0,5920.770113736391,-5920.770113736391
2011-08-28,10805.03,11499.027285777032,-693.9972857770317
2011-08-29,0.0,21047.344004774095,-21047.344004774095
2011-08-30,31866.31,24611.53007632494,7254.779923675062
2011-08-31,25380.17,34842.476071554425,-9462.306071554427
2011-09-01,37370.15,33894.85062404871,3475.29937595129
2011-09-02,42322.02,33748.878024733065,8573.141975266932
2011-09-03,0.0,14314.467708927394,-14314.467708927394
2011-09-04,17119.59,13368.733421236277,3750.8565787637235
2011-09-05,37157.14,23929.69125739336,13227.44874260664
2011-09-06,28349.91,39374.61830083132,-11024.708300831317
2011-09-07,34413.53,33510.88283575773,902.6471642422694
2011-09-08,27195.8,35702.520334553716,-8506.720334553716
2011-09-09,30075.62,27163.298436957597,2912.321563042402
2011-09-10,0.0,9337.759676028789,-9337.759676028789
2011-09-11,35511.67,10784.701785100997,24726.968214899003
2011-09-12,29738.33,29235.463324671982,502.8666753280195
2011-09-13,55117.05000000001,26603.36965800524,28513.680341994772
2011-09-14,23592.98,39088.48314891457,-15495.503148914573
2011-09-15,78218.95,26495.3627599597,51723.5872400403
2011-09-16,27724.220000000005,41321.791478413346,-13597.571478413342
2011-09-17,0.0,375.25346043258907,-375.25346043258907
2011-09-18,15745.730000000001,19048.08228881359,-3302.3522888135903
2011-09-19,49269.88,32174.328645408154,17095.551354591844
2011-09-20,109612.03,47403.722847056386,62208.30715294361
2011-09-21,48560.68,56777.50436738729,-8216.824367387293
2011-09-22,59354.79000000001,45254.56667602658,14100.223323973427
2011-09-23,40601.75,31186.757271206377,9414.992728793623
2011-09-24,0.0,-1082.15311576128,1082.15311576128
2011-09-25,31372.661,28268.24344266653,3104.4175573334687
2011-09-26,29335.170999999995,51781.75484899282,-22446.58384899283
2011-09-27,36322.95,51830.30154489279,-15507.351544892794
2011-09-28,43749.06,36682.02830207348,7067.031697926519
2011-09-29,46401.45,42293.51808035374,4107.93191964626
2011-09-30,44357.06,38144.35204222798,6212.707957772014
2011-10-01,0.0,11369.02340836525,-11369.02340836525
2011-10-02,11634.53,16812.27418448925,-5177.744184489251
2011-10-03,66376.82,26990.062854003907,39386.757145996104
2011-10-04,48810.65,57662.54934749603,-8851.89934749603
2011-10-05,75593.63,42277.56346050501,33316.066539495
2011-10-06,62891.19,50332.51484714747,12558.675152852535
2011-10-07,53790.7,39654.19822375178,14136.501776248217
2011-10-08,0.0,4241.245036005974,-4241.245036005974
2011-10-09,12524.4,27231.831456047297,-14707.431456047298
2011-10-10,48239.18,41012.894125086066,7226.285874913934
2011-10-11,52572.94,61977.57633595467,-9404.636335954667
2011-10-12,32159.279999999995,42288.61650287509,-10129.336502875096
2011-10-13,37446.18,40350.49832911491,-2904.3183291149107
2011-10-14,36347.64,37952.0504807353,-1604.4104807352996
2011-10-15,0.0,16055.228363323211,-16055.228363323211
2011-10-16,22010.96,9415.053782422841,12595.906217577158
2011-10-17,52062.19999999999,19880.118385893107,32182.081614106883
2011-10-18,45332.16,38173.13507896662,7159.024921033386
2011-10-19,42573.36,35303.66077604294,7269.699223957061
2011-10-20,61122.899999999994,34570.496414136884,26552.40358586311
2011-10-21,63226.63999999999,32581.976010906696,30644.663989093297
2011-10-22,0.0,8757.834925112129,-8757.834925112129
2011-10-23,12339.16,29291.89826488495,-16952.73826488495
2011-10-24,48752.91,44124.78127130866,4628.128728691343
2011-10-25,41314.64,63324.56901595592,-22009.929015955924
2011-10-26,38059.43,40072.684874153136,-2013.2548741531355
2011-10-27,57291.72000000001,41618.31464946866,15673.40535053135
2011-10-28,40565.7,45156.2798050344,-4590.579805034402
2011-10-29,0.0,17808.640787813067,-17808.640787813067
2011-10-30,34571.23,10403.725859138369,24167.504140861634
2011-10-31,57369.149999999994,25537.426483511925,31831.72351648807
2011-11-01,29155.15,35582.186755895615,-6427.036755895613
2011-11-02,45888.34,28215.558164691924,17672.781835308073
2011-11-03,63561.49,35185.598370474574,28375.891629525424
2011-11-04,62977.36,34295.02835360765,28682.331646392347
2011-11-05,0.0,8881.243494002521,-8881.243494002521
2011-11-06,42946.34,29206.98311101198,13739.356888988015
2011-11-07,85881.81,57667.97047437429,28213.839525625706
2011-11-08,57700.24,72117.43493044376,-14417.194930443766
2011-11-09,66127.57,45884.670250171424,20242.899749828583
2011-11-10,71008.26,48970.02178191543,22038.238218084567
2011-11-11,55257.17,38263.51886137724,16993.651138622758
2011-11-12,0.0,-669.1647824347019,669.1647824347019
2011-11-13,34069.92,32907.37128431201,1162.54871568799
2011-11-14,114419.89,58718.594363713266,55701.29563628673
2011-11-15,60807.28999999999,83823.64886801243,-23016.358868012438
2011-11-16,65958.17,51002.876077628134,14955.293922371864
2011-11-17,61103.12999999999,52625.1349361062,8477.995063893788
2011-11-18,51275.39,47441.451040029526,3833.9389599704737
2011-11-19,0.0,15849.43633056283,-15849.43633056283
2011-11-20,35058.57,18621.238315212726,16437.331684787274
2011-11-21,49805.72,37144.86962693334,12660.850373066663
2011-11-22,64089.82,41754.837387418745,22334.982612581254
2011-11-23,80104.18,42587.090210819246,37517.08978918075
2011-11-24,50978.630000000005,52263.13072757721,-1284.5007275772077
2011-11-25,50822.729999999996,33827.03606755733,16995.693932442664
2011-11-26,0.0,4360.457872387767,-4360.457872387767
2011-11-27,20611.08,25491.361749315263,-4880.281749315262
2011-11-28,57165.19000000001,43142.87743884325,14022.31256115676
2011-11-29,72595.93,61256.00237894058,11339.92762105941
2011-11-30,60126.96,47000.315004658696,13126.644995341303
2011-12-01,52197.25000000001,48468.42207184434,3728.827928155668
2011-12-02,57664.07,38005.56703774929,19658.502962250706
2011-12-03,0.0,9683.870126210153,-9683.870126210153
2011-12-04,24621.43,26628.25458981991,-2006.8245898199093
2011-12-05,88741.96,45805.82343328595,42936.136566714056
2011-12-06,56713.20999999999,72205.07549202442,-15491.86549202443
2011-12-07,75439.16,46780.92265304327,28658.237346956732
2011-12-08,82495.0,52328.81364710331,30166.186352896693
2011-12-09,200938.6,45259.98483405113,155678.61516594887
